id,status,date,matchday,competition_id
1,FINISHED,2016-08-13 11:30:00,1,1
2,FINISHED,2016-08-13 14:00:00,1,1
3,FINISHED,2016-08-13 14:00:00,1,1
4,FINISHED,2016-08-13 14:00:00,1,1
5,FINISHED,2016-08-13 14:00:00,1,1
6,FINISHED,2016-08-13 14:00:00,1,1
7,FINISHED,2016-08-13 16:30:00,1,1
8,FINISHED,2016-08-14 12:30:00,1,1
9,FINISHED,2016-08-14 15:00:00,1,1
10,FINISHED,2016-08-15 19:00:00,1,1
11,FINISHED,2016-08-19 19:00:00,2,1
12,FINISHED,2016-08-20 11:30:00,2,1
13,FINISHED,2016-08-20 14:00:00,2,1
14,FINISHED,2016-08-20 14:00:00,2,1
15,FINISHED,2016-08-20 14:00:00,2,1
16,FINISHED,2016-08-20 14:00:00,2,1
17,FINISHED,2016-08-20 14:00:00,2,1
18,FINISHED,2016-08-20 16:30:00,2,1
19,FINISHED,2016-08-21 12:30:00,2,1
20,FINISHED,2016-08-21 15:00:00,2,1
21,FINISHED,2016-08-27 11:30:00,3,1
22,FINISHED,2016-08-27 14:00:00,3,1
23,FINISHED,2016-08-27 14:00:00,3,1
24,FINISHED,2016-08-27 14:00:00,3,1
25,FINISHED,2016-08-27 14:00:00,3,1
26,FINISHED,2016-08-27 14:00:00,3,1
27,FINISHED,2016-08-27 14:00:00,3,1
28,FINISHED,2016-08-27 16:30:00,3,1
29,FINISHED,2016-08-28 12:30:00,3,1
30,FINISHED,2016-08-28 15:00:00,3,1
31,FINISHED,2016-09-10 11:30:00,4,1
32,FINISHED,2016-09-10 14:00:00,4,1
33,FINISHED,2016-09-10 14:00:00,4,1
34,FINISHED,2016-09-10 14:00:00,4,1
35,FINISHED,2016-09-10 14:00:00,4,1
36,FINISHED,2016-09-10 14:00:00,4,1
37,FINISHED,2016-09-10 14:00:00,4,1
38,FINISHED,2016-09-10 16:30:00,4,1
39,FINISHED,2016-09-11 15:00:00,4,1
40,FINISHED,2016-09-12 19:00:00,4,1
41,FINISHED,2016-09-16 19:00:00,5,1
42,FINISHED,2016-09-17 14:00:00,5,1
43,FINISHED,2016-09-17 14:00:00,5,1
44,FINISHED,2016-09-17 14:00:00,5,1
45,FINISHED,2016-09-17 14:00:00,5,1
46,FINISHED,2016-09-17 16:30:00,5,1
47,FINISHED,2016-09-18 11:00:00,5,1
48,FINISHED,2016-09-18 13:15:00,5,1
49,FINISHED,2016-09-18 13:15:00,5,1
50,FINISHED,2016-09-18 15:30:00,5,1
51,FINISHED,2016-09-24 11:30:00,6,1
52,FINISHED,2016-09-24 14:00:00,6,1
53,FINISHED,2016-09-24 14:00:00,6,1
54,FINISHED,2016-09-24 14:00:00,6,1
55,FINISHED,2016-09-24 14:00:00,6,1
56,FINISHED,2016-09-24 14:00:00,6,1
57,FINISHED,2016-09-24 14:00:00,6,1
58,FINISHED,2016-09-24 16:30:00,6,1
59,FINISHED,2016-09-25 15:00:00,6,1
60,FINISHED,2016-09-26 19:00:00,6,1
61,FINISHED,2016-09-30 19:00:00,7,1
62,FINISHED,2016-10-01 11:30:00,7,1
63,FINISHED,2016-10-01 14:00:00,7,1
64,FINISHED,2016-10-01 14:00:00,7,1
65,FINISHED,2016-10-01 14:00:00,7,1
66,FINISHED,2016-10-01 14:00:00,7,1
67,FINISHED,2016-10-02 11:00:00,7,1
68,FINISHED,2016-10-02 13:15:00,7,1
69,FINISHED,2016-10-02 13:15:00,7,1
70,FINISHED,2016-10-02 15:30:00,7,1
71,FINISHED,2016-10-15 11:30:00,8,1
72,FINISHED,2016-10-15 14:00:00,8,1
73,FINISHED,2016-10-15 14:00:00,8,1
74,FINISHED,2016-10-15 14:00:00,8,1
75,FINISHED,2016-10-15 14:00:00,8,1
76,FINISHED,2016-10-15 14:00:00,8,1
77,FINISHED,2016-10-15 16:30:00,8,1
78,FINISHED,2016-10-16 12:30:00,8,1
79,FINISHED,2016-10-16 15:00:00,8,1
80,FINISHED,2016-10-17 19:00:00,8,1
81,FINISHED,2016-10-22 11:30:00,9,1
82,FINISHED,2016-10-22 14:00:00,9,1
83,FINISHED,2016-10-22 14:00:00,9,1
84,FINISHED,2016-10-22 14:00:00,9,1
85,FINISHED,2016-10-22 14:00:00,9,1
86,FINISHED,2016-10-22 14:00:00,9,1
87,FINISHED,2016-10-22 14:00:00,9,1
88,FINISHED,2016-10-22 16:30:00,9,1
89,FINISHED,2016-10-23 12:30:00,9,1
90,FINISHED,2016-10-23 15:00:00,9,1
91,FINISHED,2016-10-29 11:30:00,10,1
92,FINISHED,2016-10-29 14:00:00,10,1
93,FINISHED,2016-10-29 14:00:00,10,1
94,FINISHED,2016-10-29 14:00:00,10,1
95,FINISHED,2016-10-29 14:00:00,10,1
96,FINISHED,2016-10-29 14:00:00,10,1
97,FINISHED,2016-10-29 16:30:00,10,1
98,FINISHED,2016-10-30 13:30:00,10,1
99,FINISHED,2016-10-30 16:00:00,10,1
100,FINISHED,2016-10-31 20:00:00,10,1
101,FINISHED,2016-11-05 15:00:00,11,1
102,FINISHED,2016-11-05 15:00:00,11,1
103,FINISHED,2016-11-05 15:00:00,11,1
104,FINISHED,2016-11-05 15:00:00,11,1
105,FINISHED,2016-11-05 17:30:00,11,1
106,FINISHED,2016-11-06 12:00:00,11,1
107,FINISHED,2016-11-06 14:15:00,11,1
108,FINISHED,2016-11-06 14:15:00,11,1
109,FINISHED,2016-11-06 15:00:00,11,1
110,FINISHED,2016-11-06 16:30:00,11,1
111,FINISHED,2016-11-19 12:30:00,12,1
112,FINISHED,2016-11-19 15:00:00,12,1
113,FINISHED,2016-11-19 15:00:00,12,1
114,FINISHED,2016-11-19 15:00:00,12,1
115,FINISHED,2016-11-19 15:00:00,12,1
116,FINISHED,2016-11-19 15:00:00,12,1
117,FINISHED,2016-11-19 15:00:00,12,1
118,FINISHED,2016-11-19 17:30:00,12,1
119,FINISHED,2016-11-20 16:00:00,12,1
120,FINISHED,2016-11-21 20:00:00,12,1
121,FINISHED,2016-11-26 12:30:00,13,1
122,FINISHED,2016-11-26 15:00:00,13,1
123,FINISHED,2016-11-26 15:00:00,13,1
124,FINISHED,2016-11-26 15:00:00,13,1
125,FINISHED,2016-11-26 15:00:00,13,1
126,FINISHED,2016-11-26 17:30:00,13,1
127,FINISHED,2016-11-27 12:00:00,13,1
128,FINISHED,2016-11-27 14:15:00,13,1
129,FINISHED,2016-11-27 16:30:00,13,1
130,FINISHED,2016-11-27 16:30:00,13,1
131,FINISHED,2016-12-03 12:30:00,14,1
132,FINISHED,2016-12-03 15:00:00,14,1
133,FINISHED,2016-12-03 15:00:00,14,1
134,FINISHED,2016-12-03 15:00:00,14,1
135,FINISHED,2016-12-03 15:00:00,14,1
136,FINISHED,2016-12-03 15:00:00,14,1
137,FINISHED,2016-12-03 17:30:00,14,1
138,FINISHED,2016-12-04 13:30:00,14,1
139,FINISHED,2016-12-04 16:00:00,14,1
140,FINISHED,2016-12-05 20:00:00,14,1
141,FINISHED,2016-12-10 12:30:00,15,1
142,FINISHED,2016-12-10 15:00:00,15,1
143,FINISHED,2016-12-10 15:00:00,15,1
144,FINISHED,2016-12-10 15:00:00,15,1
145,FINISHED,2016-12-10 15:00:00,15,1
146,FINISHED,2016-12-10 17:30:00,15,1
147,FINISHED,2016-12-11 12:00:00,15,1
148,FINISHED,2016-12-11 14:15:00,15,1
149,FINISHED,2016-12-11 14:15:00,15,1
150,FINISHED,2016-12-11 16:30:00,15,1
151,FINISHED,2016-12-13 19:45:00,16,1
152,FINISHED,2016-12-13 19:45:00,16,1
153,FINISHED,2016-12-14 19:45:00,16,1
154,FINISHED,2016-12-14 19:45:00,16,1
155,FINISHED,2016-12-14 19:45:00,16,1
156,FINISHED,2016-12-14 20:00:00,16,1
157,FINISHED,2016-12-14 20:00:00,16,1
158,FINISHED,2016-12-14 20:00:00,16,1
159,FINISHED,2016-12-14 20:00:00,16,1
160,FINISHED,2016-12-14 20:00:00,16,1
161,FINISHED,2016-12-17 12:30:00,17,1
162,FINISHED,2016-12-17 15:00:00,17,1
163,FINISHED,2016-12-17 15:00:00,17,1
164,FINISHED,2016-12-17 15:00:00,17,1
165,FINISHED,2016-12-17 15:00:00,17,1
166,FINISHED,2016-12-17 17:30:00,17,1
167,FINISHED,2016-12-18 13:30:00,17,1
168,FINISHED,2016-12-18 16:00:00,17,1
169,FINISHED,2016-12-18 16:00:00,17,1
170,FINISHED,2016-12-19 20:00:00,17,1
171,FINISHED,2016-12-26 12:30:00,18,1
172,FINISHED,2016-12-26 15:00:00,18,1
173,FINISHED,2016-12-26 15:00:00,18,1
174,FINISHED,2016-12-26 15:00:00,18,1
175,FINISHED,2016-12-26 15:00:00,18,1
176,FINISHED,2016-12-26 15:00:00,18,1
177,FINISHED,2016-12-26 15:00:00,18,1
178,FINISHED,2016-12-26 17:15:00,18,1
179,FINISHED,2016-12-27 17:15:00,18,1
180,FINISHED,2016-12-28 19:45:00,18,1
181,FINISHED,2016-12-30 20:00:00,19,1
182,FINISHED,2016-12-31 15:00:00,19,1
183,FINISHED,2016-12-31 15:00:00,19,1
184,FINISHED,2016-12-31 15:00:00,19,1
185,FINISHED,2016-12-31 15:00:00,19,1
186,FINISHED,2016-12-31 15:00:00,19,1
187,FINISHED,2016-12-31 15:00:00,19,1
188,FINISHED,2016-12-31 17:30:00,19,1
189,FINISHED,2017-01-01 13:30:00,19,1
190,FINISHED,2017-01-01 16:00:00,19,1
191,FINISHED,2017-01-02 12:30:00,20,1
192,FINISHED,2017-01-02 15:00:00,20,1
193,FINISHED,2017-01-02 15:00:00,20,1
194,FINISHED,2017-01-02 15:00:00,20,1
195,FINISHED,2017-01-02 15:00:00,20,1
196,FINISHED,2017-01-02 17:15:00,20,1
197,FINISHED,2017-01-03 19:45:00,20,1
198,FINISHED,2017-01-03 20:00:00,20,1
199,FINISHED,2017-01-03 20:00:00,20,1
200,FINISHED,2017-01-04 20:00:00,20,1
201,FINISHED,2017-01-14 12:30:00,21,1
202,FINISHED,2017-01-14 15:00:00,21,1
203,FINISHED,2017-01-14 15:00:00,21,1
204,FINISHED,2017-01-14 15:00:00,21,1
205,FINISHED,2017-01-14 15:00:00,21,1
206,FINISHED,2017-01-14 15:00:00,21,1
207,FINISHED,2017-01-14 15:00:00,21,1
208,FINISHED,2017-01-14 17:30:00,21,1
209,FINISHED,2017-01-15 13:30:00,21,1
210,FINISHED,2017-01-15 16:00:00,21,1
211,FINISHED,2017-01-21 12:30:00,22,1
212,FINISHED,2017-01-21 15:00:00,22,1
213,FINISHED,2017-01-21 15:00:00,22,1
214,FINISHED,2017-01-21 15:00:00,22,1
215,FINISHED,2017-01-21 15:00:00,22,1
216,FINISHED,2017-01-21 15:00:00,22,1
217,FINISHED,2017-01-21 17:30:00,22,1
218,FINISHED,2017-01-22 12:00:00,22,1
219,FINISHED,2017-01-22 14:15:00,22,1
220,FINISHED,2017-01-22 16:30:00,22,1
221,FINISHED,2017-01-31 19:45:00,23,1
222,FINISHED,2017-01-31 19:45:00,23,1
223,FINISHED,2017-01-31 19:45:00,23,1
224,FINISHED,2017-01-31 19:45:00,23,1
225,FINISHED,2017-01-31 19:45:00,23,1
226,FINISHED,2017-01-31 19:45:00,23,1
227,FINISHED,2017-01-31 20:00:00,23,1
228,FINISHED,2017-02-01 19:45:00,23,1
229,FINISHED,2017-02-01 20:00:00,23,1
230,FINISHED,2017-02-01 20:00:00,23,1
231,FINISHED,2017-02-04 12:30:00,24,1
232,FINISHED,2017-02-04 15:00:00,24,1
233,FINISHED,2017-02-04 15:00:00,24,1
234,FINISHED,2017-02-04 15:00:00,24,1
235,FINISHED,2017-02-04 15:00:00,24,1
236,FINISHED,2017-02-04 15:00:00,24,1
237,FINISHED,2017-02-04 15:00:00,24,1
238,FINISHED,2017-02-04 17:30:00,24,1
239,FINISHED,2017-02-05 13:30:00,24,1
240,FINISHED,2017-02-05 16:00:00,24,1
241,FINISHED,2017-02-11 12:30:00,25,1
242,FINISHED,2017-02-11 15:00:00,25,1
243,FINISHED,2017-02-11 15:00:00,25,1
244,FINISHED,2017-02-11 15:00:00,25,1
245,FINISHED,2017-02-11 15:00:00,25,1
246,FINISHED,2017-02-11 15:00:00,25,1
247,FINISHED,2017-02-11 17:30:00,25,1
248,FINISHED,2017-02-12 13:30:00,25,1
249,FINISHED,2017-02-12 16:00:00,25,1
250,FINISHED,2017-02-13 20:00:00,25,1
251,FINISHED,2017-02-25 15:00:00,26,1
252,FINISHED,2017-02-25 15:00:00,26,1
253,FINISHED,2017-02-25 15:00:00,26,1
254,FINISHED,2017-02-25 15:00:00,26,1
255,POSTPONED,2017-02-25 15:00:00,26,1
256,FINISHED,2017-02-25 15:00:00,26,1
257,FINISHED,2017-02-25 17:30:00,26,1
258,FINISHED,2017-02-26 13:30:00,26,1
259,FINISHED,2017-02-27 20:00:00,26,1
260,FINISHED,2017-03-04 12:30:00,27,1
261,FINISHED,2017-03-04 15:00:00,27,1
262,FINISHED,2017-03-04 15:00:00,27,1
263,FINISHED,2017-03-04 15:00:00,27,1
264,FINISHED,2017-03-04 15:00:00,27,1
265,FINISHED,2017-03-04 15:00:00,27,1
266,FINISHED,2017-03-04 17:30:00,27,1
267,FINISHED,2017-03-05 13:30:00,27,1
268,FINISHED,2017-03-05 16:00:00,27,1
269,FINISHED,2017-03-06 20:00:00,27,1
270,FINISHED,2017-03-08 19:45:00,28,1
271,FINISHED,2017-03-11 15:00:00,28,1
272,POSTPONED,2017-03-11 15:00:00,28,1
273,POSTPONED,2017-03-11 15:00:00,28,1
274,FINISHED,2017-03-11 15:00:00,28,1
275,FINISHED,2017-03-11 15:00:00,28,1
276,FINISHED,2017-03-12 16:00:00,28,1
277,FINISHED,2017-03-18 12:30:00,29,1
278,FINISHED,2017-03-18 15:00:00,29,1
279,FINISHED,2017-03-18 15:00:00,29,1
280,FINISHED,2017-03-18 15:00:00,29,1
281,FINISHED,2017-03-18 15:00:00,29,1
282,FINISHED,2017-03-18 15:00:00,29,1
283,FINISHED,2017-03-18 17:30:00,29,1
284,FINISHED,2017-03-19 12:00:00,29,1
285,FINISHED,2017-03-19 14:15:00,29,1
286,FINISHED,2017-03-19 16:30:00,29,1
287,FINISHED,2017-04-01 11:30:00,30,1
288,FINISHED,2017-04-01 14:00:00,30,1
289,FINISHED,2017-04-01 14:00:00,30,1
290,FINISHED,2017-04-01 14:00:00,30,1
291,FINISHED,2017-04-01 14:00:00,30,1
292,FINISHED,2017-04-01 14:00:00,30,1
293,FINISHED,2017-04-01 14:00:00,30,1
294,FINISHED,2017-04-01 16:30:00,30,1
295,FINISHED,2017-04-02 12:30:00,30,1
296,FINISHED,2017-04-02 15:00:00,30,1
297,FINISHED,2017-04-04 18:45:00,31,1
298,FINISHED,2017-04-04 18:45:00,31,1
299,FINISHED,2017-04-04 18:45:00,31,1
300,FINISHED,2017-04-04 19:00:00,31,1
301,FINISHED,2017-04-05 18:45:00,31,1
302,FINISHED,2017-04-05 18:45:00,31,1
303,FINISHED,2017-04-05 18:45:00,31,1
304,FINISHED,2017-04-05 18:45:00,31,1
305,FINISHED,2017-04-05 19:00:00,31,1
306,FINISHED,2017-04-05 19:00:00,31,1
307,FINISHED,2017-04-08 11:30:00,32,1
308,FINISHED,2017-04-08 14:00:00,32,1
309,FINISHED,2017-04-08 14:00:00,32,1
310,FINISHED,2017-04-08 14:00:00,32,1
311,FINISHED,2017-04-08 14:00:00,32,1
312,FINISHED,2017-04-08 14:00:00,32,1
313,FINISHED,2017-04-08 16:30:00,32,1
314,FINISHED,2017-04-09 12:30:00,32,1
315,FINISHED,2017-04-09 15:00:00,32,1
316,FINISHED,2017-04-10 19:00:00,32,1
317,TIMED,2017-04-15 11:30:00,33,1
318,TIMED,2017-04-15 14:00:00,33,1
319,TIMED,2017-04-15 14:00:00,33,1
320,TIMED,2017-04-15 14:00:00,33,1
321,TIMED,2017-04-15 14:00:00,33,1
322,TIMED,2017-04-15 14:00:00,33,1
323,TIMED,2017-04-15 16:30:00,33,1
324,TIMED,2017-04-16 12:30:00,33,1
325,TIMED,2017-04-16 15:00:00,33,1
326,TIMED,2017-04-17 19:00:00,33,1
327,POSTPONED,2017-04-22 11:30:00,34,1
328,TIMED,2017-04-22 14:00:00,34,1
329,TIMED,2017-04-22 14:00:00,34,1
330,TIMED,2017-04-22 14:00:00,34,1
331,TIMED,2017-04-22 14:00:00,34,1
332,POSTPONED,2017-04-22 14:00:00,34,1
333,POSTPONED,2017-04-23 11:00:00,34,1
334,TIMED,2017-04-23 13:15:00,34,1
335,TIMED,2017-04-23 15:30:00,34,1
336,POSTPONED,2017-04-25 18:45:00,34,1
337,POSTPONED,2017-04-26 18:45:00,28,1
338,POSTPONED,2017-04-26 18:45:00,28,1
339,POSTPONED,2017-04-26 19:00:00,28,1
340,POSTPONED,2017-04-27 19:00:00,26,1
341,SCHEDULED,2017-04-29 14:00:00,35,1
342,SCHEDULED,2017-04-29 14:00:00,35,1
343,SCHEDULED,2017-04-29 14:00:00,35,1
344,SCHEDULED,2017-04-29 14:00:00,35,1
345,SCHEDULED,2017-04-29 16:30:00,35,1
346,SCHEDULED,2017-04-30 11:00:00,35,1
347,SCHEDULED,2017-04-30 13:05:00,35,1
348,SCHEDULED,2017-04-30 13:05:00,35,1
349,SCHEDULED,2017-04-30 15:30:00,35,1
350,SCHEDULED,2017-05-01 19:00:00,35,1
351,SCHEDULED,2017-05-05 19:00:00,36,1
352,SCHEDULED,2017-05-06 11:30:00,36,1
353,SCHEDULED,2017-05-06 14:00:00,36,1
354,SCHEDULED,2017-05-06 14:00:00,36,1
355,SCHEDULED,2017-05-06 14:00:00,36,1
356,SCHEDULED,2017-05-06 14:00:00,36,1
357,SCHEDULED,2017-05-06 16:30:00,36,1
358,SCHEDULED,2017-05-07 12:30:00,36,1
359,SCHEDULED,2017-05-07 15:00:00,36,1
360,SCHEDULED,2017-05-08 19:00:00,36,1
361,SCHEDULED,2017-05-13 14:00:00,37,1
362,SCHEDULED,2017-05-13 14:00:00,37,1
363,SCHEDULED,2017-05-13 14:00:00,37,1
364,SCHEDULED,2017-05-13 14:00:00,37,1
365,SCHEDULED,2017-05-13 14:00:00,37,1
366,SCHEDULED,2017-05-13 14:00:00,37,1
367,SCHEDULED,2017-05-13 14:00:00,37,1
368,SCHEDULED,2017-05-13 14:00:00,37,1
369,SCHEDULED,2017-05-13 14:00:00,37,1
370,SCHEDULED,2017-05-13 14:00:00,37,1
371,SCHEDULED,2017-05-21 14:00:00,38,1
372,SCHEDULED,2017-05-21 14:00:00,38,1
373,SCHEDULED,2017-05-21 14:00:00,38,1
374,SCHEDULED,2017-05-21 14:00:00,38,1
375,SCHEDULED,2017-05-21 14:00:00,38,1
376,SCHEDULED,2017-05-21 14:00:00,38,1
377,SCHEDULED,2017-05-21 14:00:00,38,1
378,SCHEDULED,2017-05-21 14:00:00,38,1
379,SCHEDULED,2017-05-21 14:00:00,38,1
380,SCHEDULED,2017-05-21 14:00:00,38,1
381,FINISHED,2016-08-20 16:00:00,1,2
382,FINISHED,2016-08-20 18:45:00,1,2
383,FINISHED,2016-08-21 16:00:00,1,2
384,FINISHED,2016-08-21 18:45:00,1,2
385,FINISHED,2016-08-21 18:45:00,1,2
386,FINISHED,2016-08-21 18:45:00,1,2
387,FINISHED,2016-08-21 18:45:00,1,2
388,FINISHED,2016-08-21 18:45:00,1,2
389,FINISHED,2016-08-21 18:45:00,1,2
390,FINISHED,2016-08-21 18:45:00,1,2
391,FINISHED,2016-08-27 16:00:00,2,2
392,FINISHED,2016-08-27 18:45:00,2,2
393,FINISHED,2016-08-28 16:00:00,2,2
394,FINISHED,2016-08-28 18:45:00,2,2
395,FINISHED,2016-08-28 18:45:00,2,2
396,FINISHED,2016-08-28 18:45:00,2,2
397,FINISHED,2016-08-28 18:45:00,2,2
398,FINISHED,2016-08-28 18:45:00,2,2
399,FINISHED,2016-08-28 18:45:00,2,2
400,FINISHED,2016-08-28 18:45:00,2,2
401,FINISHED,2016-09-10 16:00:00,3,2
402,FINISHED,2016-09-10 18:45:00,3,2
403,FINISHED,2016-09-11 10:30:00,3,2
404,FINISHED,2016-09-11 13:00:00,3,2
405,FINISHED,2016-09-11 13:00:00,3,2
406,FINISHED,2016-09-11 13:00:00,3,2
407,FINISHED,2016-09-11 13:00:00,3,2
408,FINISHED,2016-09-11 18:45:00,3,2
409,FINISHED,2016-09-12 18:45:00,3,2
410,FINISHED,2016-09-16 18:45:00,4,2
411,FINISHED,2016-09-17 16:00:00,4,2
412,FINISHED,2016-09-17 18:45:00,4,2
413,FINISHED,2016-09-18 10:30:00,4,2
414,FINISHED,2016-09-18 13:00:00,4,2
415,FINISHED,2016-09-18 13:00:00,4,2
416,FINISHED,2016-09-18 13:00:00,4,2
417,FINISHED,2016-09-18 13:00:00,4,2
418,FINISHED,2016-09-18 16:00:00,4,2
419,FINISHED,2016-09-18 18:45:00,4,2
420,FINISHED,2016-09-20 18:45:00,5,2
421,FINISHED,2016-09-21 16:30:00,5,2
422,FINISHED,2016-09-21 18:45:00,5,2
423,FINISHED,2016-09-21 18:45:00,5,2
424,FINISHED,2016-09-21 18:45:00,5,2
425,FINISHED,2016-09-21 18:45:00,5,2
426,FINISHED,2016-09-21 18:45:00,5,2
427,FINISHED,2016-09-21 18:45:00,5,2
428,FINISHED,2016-09-21 18:45:00,5,2
429,FINISHED,2016-09-21 18:45:00,5,2
430,FINISHED,2016-09-24 16:00:00,6,2
431,FINISHED,2016-09-24 18:45:00,6,2
432,FINISHED,2016-09-25 10:30:00,6,2
433,FINISHED,2016-09-25 13:00:00,6,2
434,FINISHED,2016-09-25 13:00:00,6,2
435,FINISHED,2016-09-25 13:00:00,6,2
436,FINISHED,2016-09-25 13:00:00,6,2
437,FINISHED,2016-09-25 18:45:00,6,2
438,FINISHED,2016-09-26 17:00:00,6,2
439,FINISHED,2016-09-26 18:45:00,6,2
440,FINISHED,2016-10-01 16:00:00,7,2
441,FINISHED,2016-10-01 18:45:00,7,2
442,FINISHED,2016-10-02 10:30:00,7,2
443,FINISHED,2016-10-02 13:00:00,7,2
444,FINISHED,2016-10-02 13:00:00,7,2
445,FINISHED,2016-10-02 13:00:00,7,2
446,FINISHED,2016-10-02 13:00:00,7,2
447,FINISHED,2016-10-02 16:00:00,7,2
448,FINISHED,2016-10-02 16:00:00,7,2
449,FINISHED,2016-10-02 18:45:00,7,2
450,FINISHED,2016-10-15 13:00:00,8,2
451,FINISHED,2016-10-15 16:00:00,8,2
452,FINISHED,2016-10-15 18:45:00,8,2
453,FINISHED,2016-10-16 10:30:00,8,2
454,FINISHED,2016-10-16 13:00:00,8,2
455,FINISHED,2016-10-16 13:00:00,8,2
456,FINISHED,2016-10-16 13:00:00,8,2
457,FINISHED,2016-10-16 13:00:00,8,2
458,FINISHED,2016-10-16 18:45:00,8,2
459,FINISHED,2016-10-17 18:45:00,8,2
460,FINISHED,2016-10-22 16:00:00,9,2
461,FINISHED,2016-10-22 18:45:00,9,2
462,FINISHED,2016-10-23 10:30:00,9,2
463,FINISHED,2016-10-23 13:00:00,9,2
464,FINISHED,2016-10-23 13:00:00,9,2
465,FINISHED,2016-10-23 13:00:00,9,2
466,FINISHED,2016-10-23 13:00:00,9,2
467,FINISHED,2016-10-23 13:00:00,9,2
468,FINISHED,2016-10-23 16:00:00,9,2
469,FINISHED,2016-10-23 18:45:00,9,2
470,FINISHED,2016-10-25 18:45:00,10,2
471,FINISHED,2016-10-26 18:45:00,10,2
472,FINISHED,2016-10-26 18:45:00,10,2
473,FINISHED,2016-10-26 18:45:00,10,2
474,FINISHED,2016-10-26 18:45:00,10,2
475,FINISHED,2016-10-26 18:45:00,10,2
476,FINISHED,2016-10-26 18:45:00,10,2
477,FINISHED,2016-10-26 18:45:00,10,2
478,FINISHED,2016-10-26 18:45:00,10,2
479,FINISHED,2016-10-27 18:45:00,10,2
480,FINISHED,2016-10-29 16:00:00,11,2
481,FINISHED,2016-10-29 18:45:00,11,2
482,FINISHED,2016-10-30 11:30:00,11,2
483,FINISHED,2016-10-30 14:00:00,11,2
484,FINISHED,2016-10-30 14:00:00,11,2
485,FINISHED,2016-10-30 14:00:00,11,2
486,FINISHED,2016-10-30 14:00:00,11,2
487,FINISHED,2016-10-30 19:45:00,11,2
488,FINISHED,2016-10-31 18:00:00,11,2
489,FINISHED,2016-10-31 20:00:00,11,2
490,FINISHED,2016-11-05 17:00:00,12,2
491,FINISHED,2016-11-05 19:45:00,12,2
492,FINISHED,2016-11-06 11:30:00,12,2
493,FINISHED,2016-11-06 14:00:00,12,2
494,FINISHED,2016-11-06 14:00:00,12,2
495,FINISHED,2016-11-06 14:00:00,12,2
496,FINISHED,2016-11-06 14:00:00,12,2
497,FINISHED,2016-11-06 17:00:00,12,2
498,FINISHED,2016-11-06 17:00:00,12,2
499,FINISHED,2016-11-06 19:45:00,12,2
500,FINISHED,2016-11-19 14:00:00,13,2
501,FINISHED,2016-11-19 17:00:00,13,2
502,FINISHED,2016-11-19 19:45:00,13,2
503,FINISHED,2016-11-20 11:30:00,13,2
504,FINISHED,2016-11-20 14:00:00,13,2
505,FINISHED,2016-11-20 14:00:00,13,2
506,FINISHED,2016-11-20 14:00:00,13,2
507,FINISHED,2016-11-20 14:00:00,13,2
508,FINISHED,2016-11-20 14:00:00,13,2
509,FINISHED,2016-11-20 19:45:00,13,2
510,FINISHED,2016-11-26 17:00:00,14,2
511,FINISHED,2016-11-26 19:45:00,14,2
512,FINISHED,2016-11-27 11:30:00,14,2
513,FINISHED,2016-11-27 14:00:00,14,2
514,FINISHED,2016-11-27 14:00:00,14,2
515,FINISHED,2016-11-27 14:00:00,14,2
516,FINISHED,2016-11-27 14:00:00,14,2
517,FINISHED,2016-11-27 19:45:00,14,2
518,FINISHED,2016-11-28 18:00:00,14,2
519,FINISHED,2016-11-28 20:00:00,14,2
520,FINISHED,2016-12-02 19:45:00,15,2
521,FINISHED,2016-12-03 19:45:00,15,2
522,FINISHED,2016-12-04 11:30:00,15,2
523,FINISHED,2016-12-04 14:00:00,15,2
524,FINISHED,2016-12-04 14:00:00,15,2
525,FINISHED,2016-12-04 14:00:00,15,2
526,FINISHED,2016-12-04 14:00:00,15,2
527,FINISHED,2016-12-04 19:45:00,15,2
528,FINISHED,2016-12-05 18:00:00,15,2
529,FINISHED,2016-12-05 20:00:00,15,2
530,FINISHED,2016-12-10 17:00:00,16,2
531,FINISHED,2016-12-10 19:45:00,16,2
532,FINISHED,2016-12-11 11:30:00,16,2
533,FINISHED,2016-12-11 14:00:00,16,2
534,FINISHED,2016-12-11 14:00:00,16,2
535,FINISHED,2016-12-11 14:00:00,16,2
536,FINISHED,2016-12-11 14:00:00,16,2
537,FINISHED,2016-12-11 19:45:00,16,2
538,FINISHED,2016-12-12 18:00:00,16,2
539,FINISHED,2016-12-12 20:00:00,16,2
540,FINISHED,2016-12-15 19:00:00,3,2
541,FINISHED,2016-12-17 14:00:00,17,2
542,FINISHED,2016-12-17 17:00:00,17,2
543,FINISHED,2016-12-17 19:45:00,17,2
544,FINISHED,2016-12-18 11:30:00,17,2
545,FINISHED,2016-12-18 14:00:00,17,2
546,FINISHED,2016-12-18 14:00:00,17,2
547,FINISHED,2016-12-18 14:00:00,17,2
548,FINISHED,2016-12-18 14:00:00,17,2
549,FINISHED,2016-12-18 19:45:00,17,2
550,FINISHED,2016-12-18 19:45:00,17,2
551,FINISHED,2016-12-20 19:45:00,18,2
552,FINISHED,2016-12-21 19:45:00,18,2
553,FINISHED,2016-12-22 19:45:00,18,2
554,FINISHED,2016-12-22 19:45:00,18,2
555,FINISHED,2016-12-22 19:45:00,18,2
556,FINISHED,2016-12-22 19:45:00,18,2
557,FINISHED,2016-12-22 19:45:00,18,2
558,FINISHED,2016-12-22 19:45:00,18,2
559,FINISHED,2017-01-07 17:00:00,19,2
560,FINISHED,2017-01-07 19:45:00,19,2
561,FINISHED,2017-01-08 11:30:00,19,2
562,FINISHED,2017-01-08 14:00:00,19,2
563,FINISHED,2017-01-08 14:00:00,19,2
564,FINISHED,2017-01-08 14:00:00,19,2
565,FINISHED,2017-01-08 14:00:00,19,2
566,FINISHED,2017-01-08 17:00:00,19,2
567,FINISHED,2017-01-08 19:45:00,19,2
568,FINISHED,2017-01-14 17:00:00,20,2
569,FINISHED,2017-01-14 19:45:00,20,2
570,FINISHED,2017-01-15 11:30:00,20,2
571,FINISHED,2017-01-15 14:00:00,20,2
572,FINISHED,2017-01-15 14:00:00,20,2
573,FINISHED,2017-01-15 14:00:00,20,2
574,FINISHED,2017-01-15 14:00:00,20,2
575,FINISHED,2017-01-15 14:00:00,20,2
576,FINISHED,2017-01-15 19:45:00,20,2
577,FINISHED,2017-01-16 19:45:00,20,2
578,FINISHED,2017-01-21 17:00:00,21,2
579,FINISHED,2017-01-21 19:45:00,21,2
580,FINISHED,2017-01-22 11:30:00,21,2
581,FINISHED,2017-01-22 14:00:00,21,2
582,FINISHED,2017-01-22 14:00:00,21,2
583,FINISHED,2017-01-22 14:00:00,21,2
584,FINISHED,2017-01-22 14:00:00,21,2
585,FINISHED,2017-01-22 14:00:00,21,2
586,FINISHED,2017-01-22 17:00:00,21,2
587,FINISHED,2017-01-22 19:45:00,21,2
588,FINISHED,2017-01-28 17:00:00,22,2
589,FINISHED,2017-01-28 19:45:00,22,2
590,FINISHED,2017-01-29 11:30:00,22,2
591,FINISHED,2017-01-29 14:00:00,22,2
592,FINISHED,2017-01-29 14:00:00,22,2
593,FINISHED,2017-01-29 14:00:00,22,2
594,FINISHED,2017-01-29 14:00:00,22,2
595,FINISHED,2017-01-29 14:00:00,22,2
596,FINISHED,2017-01-29 14:00:00,22,2
597,FINISHED,2017-01-29 19:45:00,22,2
598,FINISHED,2017-02-01 19:45:00,19,2
599,FINISHED,2017-02-04 19:45:00,23,2
600,FINISHED,2017-02-05 11:30:00,23,2
601,FINISHED,2017-02-05 14:00:00,23,2
602,FINISHED,2017-02-05 14:00:00,23,2
603,FINISHED,2017-02-05 14:00:00,23,2
604,FINISHED,2017-02-05 14:00:00,23,2
605,FINISHED,2017-02-05 14:00:00,23,2
606,FINISHED,2017-02-05 17:00:00,23,2
607,FINISHED,2017-02-05 19:45:00,23,2
608,FINISHED,2017-02-07 19:45:00,23,2
609,FINISHED,2017-02-08 17:00:00,18,2
610,FINISHED,2017-02-08 19:45:00,18,2
611,FINISHED,2017-02-10 19:45:00,24,2
612,FINISHED,2017-02-11 19:45:00,24,2
613,FINISHED,2017-02-12 11:30:00,24,2
614,FINISHED,2017-02-12 14:00:00,24,2
615,FINISHED,2017-02-12 14:00:00,24,2
616,FINISHED,2017-02-12 14:00:00,24,2
617,FINISHED,2017-02-12 14:00:00,24,2
618,FINISHED,2017-02-12 17:00:00,24,2
619,FINISHED,2017-02-12 19:45:00,24,2
620,FINISHED,2017-02-13 19:45:00,24,2
621,FINISHED,2017-02-17 19:45:00,25,2
622,FINISHED,2017-02-18 17:00:00,25,2
623,FINISHED,2017-02-18 19:45:00,25,2
624,FINISHED,2017-02-19 11:30:00,25,2
625,FINISHED,2017-02-19 14:00:00,25,2
626,FINISHED,2017-02-19 14:00:00,25,2
627,FINISHED,2017-02-19 14:00:00,25,2
628,FINISHED,2017-02-19 14:00:00,25,2
629,FINISHED,2017-02-19 17:00:00,25,2
630,FINISHED,2017-02-19 19:45:00,25,2
631,FINISHED,2017-02-25 17:00:00,26,2
632,FINISHED,2017-02-25 19:45:00,26,2
633,FINISHED,2017-02-26 11:30:00,26,2
634,FINISHED,2017-02-26 14:00:00,26,2
635,FINISHED,2017-02-26 14:00:00,26,2
636,FINISHED,2017-02-26 14:00:00,26,2
637,FINISHED,2017-02-26 14:00:00,26,2
638,FINISHED,2017-02-26 14:00:00,26,2
639,FINISHED,2017-02-26 19:45:00,26,2
640,FINISHED,2017-02-27 19:45:00,26,2
641,FINISHED,2017-03-04 14:00:00,27,2
642,FINISHED,2017-03-04 17:00:00,27,2
643,FINISHED,2017-03-04 19:45:00,27,2
644,FINISHED,2017-03-05 11:30:00,27,2
645,FINISHED,2017-03-05 14:00:00,27,2
646,FINISHED,2017-03-05 14:00:00,27,2
647,FINISHED,2017-03-05 14:00:00,27,2
648,FINISHED,2017-03-05 14:00:00,27,2
649,FINISHED,2017-03-05 14:00:00,27,2
650,FINISHED,2017-03-05 19:45:00,27,2
651,FINISHED,2017-03-10 19:45:00,28,2
652,FINISHED,2017-03-11 19:45:00,28,2
653,FINISHED,2017-03-12 11:30:00,28,2
654,FINISHED,2017-03-12 14:00:00,28,2
655,FINISHED,2017-03-12 14:00:00,28,2
656,FINISHED,2017-03-12 14:00:00,28,2
657,FINISHED,2017-03-12 14:00:00,28,2
658,FINISHED,2017-03-12 14:00:00,28,2
659,FINISHED,2017-03-12 19:45:00,28,2
660,FINISHED,2017-03-13 19:45:00,28,2
661,FINISHED,2017-03-18 17:00:00,29,2
662,FINISHED,2017-03-18 19:45:00,29,2
663,FINISHED,2017-03-19 11:30:00,29,2
664,FINISHED,2017-03-19 14:00:00,29,2
665,FINISHED,2017-03-19 14:00:00,29,2
666,FINISHED,2017-03-19 14:00:00,29,2
667,FINISHED,2017-03-19 14:00:00,29,2
668,FINISHED,2017-03-19 14:00:00,29,2
669,FINISHED,2017-03-19 17:00:00,29,2
670,FINISHED,2017-03-19 19:45:00,29,2
671,FINISHED,2017-04-01 16:00:00,30,2
672,FINISHED,2017-04-01 18:45:00,30,2
673,FINISHED,2017-04-02 10:30:00,30,2
674,FINISHED,2017-04-02 13:00:00,30,2
675,FINISHED,2017-04-02 13:00:00,30,2
676,FINISHED,2017-04-02 13:00:00,30,2
677,FINISHED,2017-04-02 13:00:00,30,2
678,FINISHED,2017-04-02 13:00:00,30,2
679,FINISHED,2017-04-02 18:45:00,30,2
680,FINISHED,2017-04-03 18:45:00,30,2
681,FINISHED,2017-04-08 13:00:00,31,2
682,FINISHED,2017-04-08 16:00:00,31,2
683,FINISHED,2017-04-08 18:45:00,31,2
684,FINISHED,2017-04-09 10:30:00,31,2
685,FINISHED,2017-04-09 13:00:00,31,2
686,FINISHED,2017-04-09 13:00:00,31,2
687,FINISHED,2017-04-09 13:00:00,31,2
688,FINISHED,2017-04-09 13:00:00,31,2
689,FINISHED,2017-04-09 13:00:00,31,2
690,FINISHED,2017-04-09 18:45:00,31,2
691,TIMED,2017-04-15 10:30:00,32,2
692,TIMED,2017-04-15 13:00:00,32,2
693,TIMED,2017-04-15 13:00:00,32,2
694,TIMED,2017-04-15 13:00:00,32,2
695,TIMED,2017-04-15 13:00:00,32,2
696,TIMED,2017-04-15 13:00:00,32,2
697,TIMED,2017-04-15 13:00:00,32,2
698,TIMED,2017-04-15 16:00:00,32,2
699,TIMED,2017-04-15 18:45:00,32,2
700,TIMED,2017-04-16 18:45:00,32,2
701,SCHEDULED,2017-04-22 16:00:00,33,2
702,SCHEDULED,2017-04-22 18:45:00,33,2
703,SCHEDULED,2017-04-23 10:30:00,33,2
704,SCHEDULED,2017-04-23 13:00:00,33,2
705,SCHEDULED,2017-04-23 13:00:00,33,2
706,SCHEDULED,2017-04-23 13:00:00,33,2
707,SCHEDULED,2017-04-23 13:00:00,33,2
708,SCHEDULED,2017-04-23 13:00:00,33,2
709,SCHEDULED,2017-04-23 18:45:00,33,2
710,SCHEDULED,2017-04-24 18:45:00,33,2
711,SCHEDULED,2017-04-30 13:00:00,34,2
712,SCHEDULED,2017-04-30 13:00:00,34,2
713,SCHEDULED,2017-04-30 13:00:00,34,2
714,SCHEDULED,2017-04-30 13:00:00,34,2
715,SCHEDULED,2017-04-30 13:00:00,34,2
716,SCHEDULED,2017-04-30 13:00:00,34,2
717,SCHEDULED,2017-04-30 13:00:00,34,2
718,SCHEDULED,2017-04-30 13:00:00,34,2
719,SCHEDULED,2017-04-30 13:00:00,34,2
720,SCHEDULED,2017-04-30 13:00:00,34,2
721,SCHEDULED,2017-05-07 13:00:00,35,2
722,SCHEDULED,2017-05-07 13:00:00,35,2
723,SCHEDULED,2017-05-07 13:00:00,35,2
724,SCHEDULED,2017-05-07 13:00:00,35,2
725,SCHEDULED,2017-05-07 13:00:00,35,2
726,SCHEDULED,2017-05-07 13:00:00,35,2
727,SCHEDULED,2017-05-07 13:00:00,35,2
728,SCHEDULED,2017-05-07 13:00:00,35,2
729,SCHEDULED,2017-05-07 13:00:00,35,2
730,SCHEDULED,2017-05-07 13:00:00,35,2
731,SCHEDULED,2017-05-14 13:00:00,36,2
732,SCHEDULED,2017-05-14 13:00:00,36,2
733,SCHEDULED,2017-05-14 13:00:00,36,2
734,SCHEDULED,2017-05-14 13:00:00,36,2
735,SCHEDULED,2017-05-14 13:00:00,36,2
736,SCHEDULED,2017-05-14 13:00:00,36,2
737,SCHEDULED,2017-05-14 13:00:00,36,2
738,SCHEDULED,2017-05-14 13:00:00,36,2
739,SCHEDULED,2017-05-14 13:00:00,36,2
740,SCHEDULED,2017-05-14 13:00:00,36,2
741,SCHEDULED,2017-05-21 13:00:00,37,2
742,SCHEDULED,2017-05-21 13:00:00,37,2
743,SCHEDULED,2017-05-21 13:00:00,37,2
744,SCHEDULED,2017-05-21 13:00:00,37,2
745,SCHEDULED,2017-05-21 13:00:00,37,2
746,SCHEDULED,2017-05-21 13:00:00,37,2
747,SCHEDULED,2017-05-21 13:00:00,37,2
748,SCHEDULED,2017-05-21 13:00:00,37,2
749,SCHEDULED,2017-05-21 13:00:00,37,2
750,SCHEDULED,2017-05-21 13:00:00,37,2
751,SCHEDULED,2017-05-28 13:00:00,38,2
752,SCHEDULED,2017-05-28 13:00:00,38,2
753,SCHEDULED,2017-05-28 13:00:00,38,2
754,SCHEDULED,2017-05-28 13:00:00,38,2
755,SCHEDULED,2017-05-28 13:00:00,38,2
756,SCHEDULED,2017-05-28 13:00:00,38,2
757,SCHEDULED,2017-05-28 13:00:00,38,2
758,SCHEDULED,2017-05-28 13:00:00,38,2
759,SCHEDULED,2017-05-28 13:00:00,38,2
760,SCHEDULED,2017-05-28 13:00:00,38,2
761,FINISHED,2016-08-19 18:45:00,1,3
762,FINISHED,2016-08-19 20:00:00,1,3
763,FINISHED,2016-08-20 16:15:00,1,3
764,FINISHED,2016-08-20 18:15:00,1,3
765,FINISHED,2016-08-20 20:15:00,1,3
766,FINISHED,2016-08-21 16:15:00,1,3
767,FINISHED,2016-08-21 18:15:00,1,3
768,FINISHED,2016-08-21 20:15:00,1,3
769,FINISHED,2016-08-22 18:00:00,1,3
770,FINISHED,2016-08-22 20:00:00,1,3
771,FINISHED,2016-08-26 18:45:00,2,3
772,FINISHED,2016-08-26 20:00:00,2,3
773,FINISHED,2016-08-27 16:15:00,2,3
774,FINISHED,2016-08-27 16:15:00,2,3
775,FINISHED,2016-08-27 18:15:00,2,3
776,FINISHED,2016-08-27 20:15:00,2,3
777,FINISHED,2016-08-28 16:15:00,2,3
778,FINISHED,2016-08-28 16:15:00,2,3
779,FINISHED,2016-08-28 18:15:00,2,3
780,FINISHED,2016-08-28 20:15:00,2,3
781,FINISHED,2016-09-09 18:45:00,3,3
782,FINISHED,2016-09-10 11:00:00,3,3
783,FINISHED,2016-09-10 14:00:00,3,3
784,FINISHED,2016-09-10 16:15:00,3,3
785,FINISHED,2016-09-10 16:15:00,3,3
786,FINISHED,2016-09-10 18:30:00,3,3
787,FINISHED,2016-09-11 10:00:00,3,3
788,FINISHED,2016-09-11 14:00:00,3,3
789,FINISHED,2016-09-11 16:15:00,3,3
790,FINISHED,2016-09-11 18:30:00,3,3
791,FINISHED,2016-09-16 18:45:00,4,3
792,FINISHED,2016-09-17 11:00:00,4,3
793,FINISHED,2016-09-17 14:15:00,4,3
794,FINISHED,2016-09-17 16:30:00,4,3
795,FINISHED,2016-09-17 18:45:00,4,3
796,FINISHED,2016-09-18 10:00:00,4,3
797,FINISHED,2016-09-18 14:15:00,4,3
798,FINISHED,2016-09-18 16:30:00,4,3
799,FINISHED,2016-09-18 18:45:00,4,3
800,FINISHED,2016-09-19 18:45:00,4,3
801,FINISHED,2016-09-20 18:00:00,5,3
802,FINISHED,2016-09-20 20:00:00,5,3
803,FINISHED,2016-09-21 18:00:00,5,3
804,FINISHED,2016-09-21 18:00:00,5,3
805,FINISHED,2016-09-21 20:00:00,5,3
806,FINISHED,2016-09-21 20:00:00,5,3
807,FINISHED,2016-09-21 20:00:00,5,3
808,FINISHED,2016-09-22 18:00:00,5,3
809,FINISHED,2016-09-22 18:00:00,5,3
810,FINISHED,2016-09-22 20:00:00,5,3
811,FINISHED,2016-09-23 18:45:00,6,3
812,FINISHED,2016-09-24 11:00:00,6,3
813,FINISHED,2016-09-24 14:15:00,6,3
814,FINISHED,2016-09-24 16:30:00,6,3
815,FINISHED,2016-09-24 18:45:00,6,3
816,FINISHED,2016-09-25 10:00:00,6,3
817,FINISHED,2016-09-25 14:15:00,6,3
818,FINISHED,2016-09-25 16:30:00,6,3
819,FINISHED,2016-09-25 18:45:00,6,3
820,FINISHED,2016-09-26 18:45:00,6,3
821,FINISHED,2016-09-30 18:45:00,7,3
822,FINISHED,2016-10-01 11:00:00,7,3
823,FINISHED,2016-10-01 14:15:00,7,3
824,FINISHED,2016-10-01 16:30:00,7,3
825,FINISHED,2016-10-01 18:45:00,7,3
826,FINISHED,2016-10-02 10:00:00,7,3
827,FINISHED,2016-10-02 14:15:00,7,3
828,FINISHED,2016-10-02 16:30:00,7,3
829,FINISHED,2016-10-02 16:30:00,7,3
830,FINISHED,2016-10-02 18:45:00,7,3
831,FINISHED,2016-10-14 18:45:00,8,3
832,FINISHED,2016-10-15 11:00:00,8,3
833,FINISHED,2016-10-15 14:15:00,8,3
834,FINISHED,2016-10-15 16:30:00,8,3
835,FINISHED,2016-10-15 18:45:00,8,3
836,FINISHED,2016-10-16 10:00:00,8,3
837,FINISHED,2016-10-16 14:15:00,8,3
838,FINISHED,2016-10-16 16:30:00,8,3
839,FINISHED,2016-10-16 18:45:00,8,3
840,FINISHED,2016-10-17 18:45:00,8,3
841,FINISHED,2016-10-21 18:45:00,9,3
842,FINISHED,2016-10-22 11:00:00,9,3
843,FINISHED,2016-10-22 14:15:00,9,3
844,FINISHED,2016-10-22 16:30:00,9,3
845,FINISHED,2016-10-22 18:45:00,9,3
846,FINISHED,2016-10-23 10:00:00,9,3
847,FINISHED,2016-10-23 14:15:00,9,3
848,FINISHED,2016-10-23 16:30:00,9,3
849,FINISHED,2016-10-23 16:30:00,9,3
850,FINISHED,2016-10-23 18:45:00,9,3
851,FINISHED,2016-10-28 18:45:00,10,3
852,FINISHED,2016-10-29 11:00:00,10,3
853,FINISHED,2016-10-29 14:15:00,10,3
854,FINISHED,2016-10-29 16:30:00,10,3
855,FINISHED,2016-10-29 18:45:00,10,3
856,FINISHED,2016-10-30 11:00:00,10,3
857,FINISHED,2016-10-30 15:15:00,10,3
858,FINISHED,2016-10-30 17:30:00,10,3
859,FINISHED,2016-10-30 19:45:00,10,3
860,FINISHED,2016-10-31 19:45:00,10,3
861,FINISHED,2016-11-04 19:45:00,11,3
862,FINISHED,2016-11-05 12:00:00,11,3
863,FINISHED,2016-11-05 15:15:00,11,3
864,FINISHED,2016-11-05 17:30:00,11,3
865,FINISHED,2016-11-05 19:45:00,11,3
866,FINISHED,2016-11-06 11:00:00,11,3
867,FINISHED,2016-11-06 15:15:00,11,3
868,FINISHED,2016-11-06 15:15:00,11,3
869,FINISHED,2016-11-06 17:30:00,11,3
870,FINISHED,2016-11-06 19:45:00,11,3
871,FINISHED,2016-11-18 19:45:00,12,3
872,FINISHED,2016-11-19 12:00:00,12,3
873,FINISHED,2016-11-19 15:15:00,12,3
874,FINISHED,2016-11-19 17:30:00,12,3
875,FINISHED,2016-11-19 19:45:00,12,3
876,FINISHED,2016-11-20 11:00:00,12,3
877,FINISHED,2016-11-20 15:15:00,12,3
878,FINISHED,2016-11-20 17:30:00,12,3
879,FINISHED,2016-11-20 19:45:00,12,3
880,FINISHED,2016-11-21 19:45:00,12,3
881,FINISHED,2016-11-25 19:45:00,13,3
882,FINISHED,2016-11-26 12:00:00,13,3
883,FINISHED,2016-11-26 15:15:00,13,3
884,FINISHED,2016-11-26 17:30:00,13,3
885,FINISHED,2016-11-26 19:45:00,13,3
886,FINISHED,2016-11-27 11:00:00,13,3
887,FINISHED,2016-11-27 15:15:00,13,3
888,FINISHED,2016-11-27 17:30:00,13,3
889,FINISHED,2016-11-27 19:45:00,13,3
890,FINISHED,2016-11-28 19:45:00,13,3
891,FINISHED,2016-12-03 12:00:00,14,3
892,FINISHED,2016-12-03 15:15:00,14,3
893,FINISHED,2016-12-03 17:30:00,14,3
894,FINISHED,2016-12-03 19:45:00,14,3
895,FINISHED,2016-12-04 11:00:00,14,3
896,FINISHED,2016-12-04 15:15:00,14,3
897,FINISHED,2016-12-04 17:30:00,14,3
898,FINISHED,2016-12-04 17:30:00,14,3
899,FINISHED,2016-12-04 19:45:00,14,3
900,FINISHED,2016-12-05 19:45:00,14,3
901,FINISHED,2016-12-09 19:45:00,15,3
902,FINISHED,2016-12-10 12:00:00,15,3
903,FINISHED,2016-12-10 15:15:00,15,3
904,FINISHED,2016-12-10 17:30:00,15,3
905,FINISHED,2016-12-10 19:45:00,15,3
906,FINISHED,2016-12-11 11:00:00,15,3
907,FINISHED,2016-12-11 15:15:00,15,3
908,FINISHED,2016-12-11 17:30:00,15,3
909,FINISHED,2016-12-11 19:45:00,15,3
910,FINISHED,2016-12-12 19:45:00,15,3
911,FINISHED,2016-12-16 19:45:00,16,3
912,FINISHED,2016-12-17 12:00:00,16,3
913,FINISHED,2016-12-17 15:15:00,16,3
914,FINISHED,2016-12-17 17:30:00,16,3
915,FINISHED,2016-12-17 19:45:00,16,3
916,FINISHED,2016-12-18 15:15:00,16,3
917,FINISHED,2016-12-18 17:30:00,16,3
918,FINISHED,2016-12-18 19:45:00,16,3
919,FINISHED,2016-12-19 19:45:00,16,3
920,FINISHED,2017-01-06 19:45:00,17,3
921,FINISHED,2017-01-07 12:00:00,17,3
922,FINISHED,2017-01-07 15:15:00,17,3
923,FINISHED,2017-01-07 17:30:00,17,3
924,FINISHED,2017-01-07 19:45:00,17,3
925,FINISHED,2017-01-08 11:00:00,17,3
926,FINISHED,2017-01-08 15:15:00,17,3
927,FINISHED,2017-01-08 17:30:00,17,3
928,FINISHED,2017-01-08 19:45:00,17,3
929,FINISHED,2017-01-09 19:45:00,17,3
930,FINISHED,2017-01-14 12:00:00,18,3
931,FINISHED,2017-01-14 15:15:00,18,3
932,FINISHED,2017-01-14 17:30:00,18,3
933,FINISHED,2017-01-14 19:45:00,18,3
934,FINISHED,2017-01-15 11:00:00,18,3
935,FINISHED,2017-01-15 15:15:00,18,3
936,FINISHED,2017-01-15 17:30:00,18,3
937,FINISHED,2017-01-15 17:30:00,18,3
938,FINISHED,2017-01-15 19:45:00,18,3
939,FINISHED,2017-01-16 19:45:00,18,3
940,FINISHED,2017-01-20 19:45:00,19,3
941,FINISHED,2017-01-21 12:00:00,19,3
942,FINISHED,2017-01-21 15:15:00,19,3
943,FINISHED,2017-01-21 17:30:00,19,3
944,FINISHED,2017-01-21 19:45:00,19,3
945,FINISHED,2017-01-22 11:00:00,19,3
946,FINISHED,2017-01-22 15:15:00,19,3
947,FINISHED,2017-01-22 17:30:00,19,3
948,FINISHED,2017-01-22 17:30:00,19,3
949,FINISHED,2017-01-22 19:45:00,19,3
950,FINISHED,2017-01-27 19:45:00,20,3
951,FINISHED,2017-01-28 12:00:00,20,3
952,FINISHED,2017-01-28 15:15:00,20,3
953,FINISHED,2017-01-28 17:30:00,20,3
954,FINISHED,2017-01-28 19:45:00,20,3
955,FINISHED,2017-01-29 11:00:00,20,3
956,FINISHED,2017-01-29 15:15:00,20,3
957,FINISHED,2017-01-29 17:30:00,20,3
958,FINISHED,2017-01-29 19:45:00,20,3
959,FINISHED,2017-01-30 19:45:00,20,3
960,FINISHED,2017-02-04 12:00:00,21,3
961,FINISHED,2017-02-04 15:15:00,21,3
962,FINISHED,2017-02-04 17:30:00,21,3
963,FINISHED,2017-02-04 19:45:00,21,3
964,FINISHED,2017-02-05 11:00:00,21,3
965,FINISHED,2017-02-05 15:15:00,21,3
966,FINISHED,2017-02-05 17:30:00,21,3
967,POSTPONED,2017-02-05 19:45:00,21,3
968,FINISHED,2017-02-06 19:45:00,21,3
969,FINISHED,2017-02-10 19:45:00,22,3
970,FINISHED,2017-02-11 12:00:00,22,3
971,FINISHED,2017-02-11 15:15:00,22,3
972,FINISHED,2017-02-11 17:30:00,22,3
973,FINISHED,2017-02-11 19:45:00,22,3
974,FINISHED,2017-02-12 11:00:00,22,3
975,FINISHED,2017-02-12 15:15:00,22,3
976,FINISHED,2017-02-12 17:30:00,22,3
977,FINISHED,2017-02-12 19:45:00,22,3
978,FINISHED,2017-02-13 19:45:00,22,3
979,FINISHED,2017-02-17 19:45:00,23,3
980,FINISHED,2017-02-18 12:00:00,23,3
981,FINISHED,2017-02-18 15:15:00,23,3
982,FINISHED,2017-02-18 17:30:00,23,3
983,FINISHED,2017-02-18 19:45:00,23,3
984,FINISHED,2017-02-19 11:00:00,23,3
985,FINISHED,2017-02-19 15:15:00,23,3
986,FINISHED,2017-02-19 17:30:00,23,3
987,FINISHED,2017-02-19 19:45:00,23,3
988,FINISHED,2017-02-20 19:45:00,23,3
989,FINISHED,2017-02-22 17:45:00,16,3
990,FINISHED,2017-02-24 19:45:00,24,3
991,FINISHED,2017-02-25 12:00:00,24,3
992,FINISHED,2017-02-25 15:15:00,24,3
993,FINISHED,2017-02-25 17:30:00,24,3
994,FINISHED,2017-02-25 19:45:00,24,3
995,FINISHED,2017-02-26 11:00:00,24,3
996,FINISHED,2017-02-26 15:15:00,24,3
997,FINISHED,2017-02-26 17:30:00,24,3
998,FINISHED,2017-02-26 17:30:00,24,3
999,FINISHED,2017-02-26 19:45:00,24,3
1000,FINISHED,2017-02-28 18:30:00,25,3
1001,FINISHED,2017-02-28 20:30:00,25,3
1002,FINISHED,2017-02-28 20:30:00,25,3
1003,FINISHED,2017-03-01 18:30:00,25,3
1004,FINISHED,2017-03-01 18:30:00,25,3
1005,FINISHED,2017-03-01 20:30:00,25,3
1006,FINISHED,2017-03-01 20:30:00,25,3
1007,FINISHED,2017-03-01 20:30:00,25,3
1008,FINISHED,2017-03-02 19:45:00,25,3
1009,FINISHED,2017-03-02 20:30:00,25,3
1010,FINISHED,2017-03-03 19:45:00,26,3
1011,FINISHED,2017-03-04 12:00:00,26,3
1012,FINISHED,2017-03-04 15:15:00,26,3
1013,FINISHED,2017-03-04 17:30:00,26,3
1014,FINISHED,2017-03-04 19:45:00,26,3
1015,FINISHED,2017-03-05 11:00:00,26,3
1016,FINISHED,2017-03-05 15:15:00,26,3
1017,FINISHED,2017-03-05 17:30:00,26,3
1018,FINISHED,2017-03-05 19:45:00,26,3
1019,FINISHED,2017-03-06 19:45:00,26,3
1020,FINISHED,2017-03-08 17:45:00,21,3
1021,FINISHED,2017-03-10 19:45:00,27,3
1022,FINISHED,2017-03-11 12:00:00,27,3
1023,FINISHED,2017-03-11 15:15:00,27,3
1024,FINISHED,2017-03-11 17:30:00,27,3
1025,FINISHED,2017-03-11 19:45:00,27,3
1026,FINISHED,2017-03-12 11:00:00,27,3
1027,FINISHED,2017-03-12 15:15:00,27,3
1028,FINISHED,2017-03-12 17:30:00,27,3
1029,FINISHED,2017-03-12 19:45:00,27,3
1030,FINISHED,2017-03-13 19:45:00,27,3
1031,FINISHED,2017-03-17 19:45:00,28,3
1032,FINISHED,2017-03-18 12:00:00,28,3
1033,FINISHED,2017-03-18 15:15:00,28,3
1034,FINISHED,2017-03-18 17:30:00,28,3
1035,FINISHED,2017-03-18 19:45:00,28,3
1036,FINISHED,2017-03-19 11:00:00,28,3
1037,FINISHED,2017-03-19 15:15:00,28,3
1038,FINISHED,2017-03-19 17:30:00,28,3
1039,FINISHED,2017-03-19 17:30:00,28,3
1040,FINISHED,2017-03-19 19:45:00,28,3
1041,FINISHED,2017-03-31 18:45:00,29,3
1042,FINISHED,2017-04-01 11:00:00,29,3
1043,FINISHED,2017-04-01 14:15:00,29,3
1044,FINISHED,2017-04-01 16:30:00,29,3
1045,FINISHED,2017-04-01 18:45:00,29,3
1046,FINISHED,2017-04-02 10:00:00,29,3
1047,FINISHED,2017-04-02 14:15:00,29,3
1048,FINISHED,2017-04-02 16:30:00,29,3
1049,FINISHED,2017-04-02 18:45:00,29,3
1050,FINISHED,2017-04-03 18:45:00,29,3
1051,FINISHED,2017-04-04 17:30:00,30,3
1052,FINISHED,2017-04-04 19:30:00,30,3
1053,FINISHED,2017-04-04 19:30:00,30,3
1054,FINISHED,2017-04-05 17:30:00,30,3
1055,FINISHED,2017-04-05 18:30:00,30,3
1056,FINISHED,2017-04-05 18:30:00,30,3
1057,FINISHED,2017-04-05 18:30:00,30,3
1058,FINISHED,2017-04-05 19:30:00,30,3
1059,FINISHED,2017-04-06 17:30:00,30,3
1060,FINISHED,2017-04-06 19:30:00,30,3
1061,FINISHED,2017-04-07 18:45:00,31,3
1062,FINISHED,2017-04-08 11:00:00,31,3
1063,FINISHED,2017-04-08 14:15:00,31,3
1064,FINISHED,2017-04-08 16:30:00,31,3
1065,FINISHED,2017-04-08 18:45:00,31,3
1066,FINISHED,2017-04-09 10:00:00,31,3
1067,FINISHED,2017-04-09 14:15:00,31,3
1068,FINISHED,2017-04-09 16:30:00,31,3
1069,FINISHED,2017-04-09 18:45:00,31,3
1070,FINISHED,2017-04-10 18:45:00,31,3
1071,TIMED,2017-04-14 18:45:00,32,3
1072,TIMED,2017-04-15 11:00:00,32,3
1073,TIMED,2017-04-15 14:15:00,32,3
1074,TIMED,2017-04-15 16:30:00,32,3
1075,TIMED,2017-04-15 18:45:00,32,3
1076,TIMED,2017-04-16 10:00:00,32,3
1077,SCHEDULED,2017-04-16 14:15:00,32,3
1078,TIMED,2017-04-16 16:30:00,32,3
1079,TIMED,2017-04-16 18:45:00,32,3
1080,TIMED,2017-04-17 18:45:00,32,3
1081,SCHEDULED,2017-04-21 19:00:00,33,3
1082,SCHEDULED,2017-04-22 11:00:00,33,3
1083,SCHEDULED,2017-04-22 14:15:00,33,3
1084,SCHEDULED,2017-04-22 16:30:00,33,3
1085,SCHEDULED,2017-04-22 18:45:00,33,3
1086,SCHEDULED,2017-04-23 10:00:00,33,3
1087,SCHEDULED,2017-04-23 14:15:00,33,3
1088,SCHEDULED,2017-04-23 16:30:00,33,3
1089,SCHEDULED,2017-04-23 18:45:00,33,3
1090,SCHEDULED,2017-04-24 18:45:00,33,3
1091,SCHEDULED,2017-04-25 17:30:00,34,3
1092,SCHEDULED,2017-04-25 18:30:00,34,3
1093,SCHEDULED,2017-04-25 19:30:00,34,3
1094,SCHEDULED,2017-04-26 15:00:00,34,3
1095,SCHEDULED,2017-04-26 17:30:00,34,3
1096,SCHEDULED,2017-04-26 18:30:00,34,3
1097,SCHEDULED,2017-04-26 18:30:00,34,3
1098,SCHEDULED,2017-04-26 19:30:00,34,3
1099,SCHEDULED,2017-04-27 17:30:00,34,3
1100,SCHEDULED,2017-04-27 19:30:00,34,3
1101,SCHEDULED,2017-04-30 15:00:00,35,3
1102,SCHEDULED,2017-04-30 15:00:00,35,3
1103,SCHEDULED,2017-04-30 15:00:00,35,3
1104,SCHEDULED,2017-04-30 15:00:00,35,3
1105,SCHEDULED,2017-04-30 15:00:00,35,3
1106,SCHEDULED,2017-04-30 15:00:00,35,3
1107,SCHEDULED,2017-04-30 15:00:00,35,3
1108,SCHEDULED,2017-04-30 15:00:00,35,3
1109,SCHEDULED,2017-04-30 15:00:00,35,3
1110,SCHEDULED,2017-04-30 15:00:00,35,3
1111,SCHEDULED,2017-05-07 15:00:00,36,3
1112,SCHEDULED,2017-05-07 15:00:00,36,3
1113,SCHEDULED,2017-05-07 15:00:00,36,3
1114,SCHEDULED,2017-05-07 15:00:00,36,3
1115,SCHEDULED,2017-05-07 15:00:00,36,3
1116,SCHEDULED,2017-05-07 15:00:00,36,3
1117,SCHEDULED,2017-05-07 15:00:00,36,3
1118,SCHEDULED,2017-05-07 15:00:00,36,3
1119,SCHEDULED,2017-05-07 15:00:00,36,3
1120,SCHEDULED,2017-05-07 15:00:00,36,3
1121,SCHEDULED,2017-05-14 15:00:00,37,3
1122,SCHEDULED,2017-05-14 15:00:00,37,3
1123,SCHEDULED,2017-05-14 15:00:00,37,3
1124,SCHEDULED,2017-05-14 15:00:00,37,3
1125,SCHEDULED,2017-05-14 15:00:00,37,3
1126,SCHEDULED,2017-05-14 15:00:00,37,3
1127,SCHEDULED,2017-05-14 15:00:00,37,3
1128,SCHEDULED,2017-05-14 15:00:00,37,3
1129,SCHEDULED,2017-05-14 15:00:00,37,3
1130,SCHEDULED,2017-05-14 15:00:00,37,3
1131,SCHEDULED,2017-05-21 15:00:00,38,3
1132,SCHEDULED,2017-05-21 15:00:00,38,3
1133,SCHEDULED,2017-05-21 15:00:00,38,3
1134,SCHEDULED,2017-05-21 15:00:00,38,3
1135,SCHEDULED,2017-05-21 15:00:00,38,3
1136,SCHEDULED,2017-05-21 15:00:00,38,3
1137,SCHEDULED,2017-05-21 15:00:00,38,3
1138,SCHEDULED,2017-05-21 15:00:00,38,3
1139,SCHEDULED,2017-05-21 15:00:00,38,3
1140,SCHEDULED,2017-05-21 15:00:00,38,3
1141,FINISHED,2016-09-13 18:45:00,1,4
1142,FINISHED,2016-09-13 18:45:00,1,4
1143,FINISHED,2016-09-13 18:45:00,1,4
1144,FINISHED,2016-09-13 18:45:00,1,4
1145,FINISHED,2016-09-13 18:45:00,1,4
1146,FINISHED,2016-09-13 18:45:00,1,4
1147,FINISHED,2016-09-13 18:45:00,1,4
1148,FINISHED,2016-09-14 18:45:00,1,4
1149,FINISHED,2016-09-14 18:45:00,1,4
1150,FINISHED,2016-09-14 18:45:00,1,4
1151,FINISHED,2016-09-14 18:45:00,1,4
1152,FINISHED,2016-09-14 18:45:00,1,4
1153,FINISHED,2016-09-14 18:45:00,1,4
1154,FT,2016-09-14 18:45:00,1,4
1155,FINISHED,2016-09-14 18:45:00,1,4
1156,FINISHED,2016-09-14 18:45:00,1,4
1157,FINISHED,2016-09-27 18:45:00,2,4
1158,FINISHED,2016-09-27 18:45:00,2,4
1159,FINISHED,2016-09-27 18:45:00,2,4
1160,FINISHED,2016-09-27 18:45:00,2,4
1161,FINISHED,2016-09-27 18:45:00,2,4
1162,FINISHED,2016-09-27 18:45:00,2,4
1163,FINISHED,2016-09-27 18:45:00,2,4
1164,FINISHED,2016-09-27 18:45:00,2,4
1165,FINISHED,2016-09-28 18:45:00,2,4
1166,FINISHED,2016-09-28 18:45:00,2,4
1167,FINISHED,2016-09-28 18:45:00,2,4
1168,FINISHED,2016-09-28 18:45:00,2,4
1169,FINISHED,2016-09-28 18:45:00,2,4
1170,FINISHED,2016-09-28 18:45:00,2,4
1171,FINISHED,2016-09-28 18:45:00,2,4
1172,FINISHED,2016-09-28 18:45:00,2,4
1173,FINISHED,2016-10-18 18:45:00,3,4
1174,FINISHED,2016-10-18 18:45:00,3,4
1175,FINISHED,2016-10-18 18:45:00,3,4
1176,FINISHED,2016-10-18 18:45:00,3,4
1177,FINISHED,2016-10-18 18:45:00,3,4
1178,FINISHED,2016-10-18 18:45:00,3,4
1179,FINISHED,2016-10-18 18:45:00,3,4
1180,FINISHED,2016-10-18 18:45:00,3,4
1181,FINISHED,2016-10-19 18:45:00,3,4
1182,FINISHED,2016-10-19 18:45:00,3,4
1183,FINISHED,2016-10-19 18:45:00,3,4
1184,FINISHED,2016-10-19 18:45:00,3,4
1185,FINISHED,2016-10-19 18:45:00,3,4
1186,FINISHED,2016-10-19 18:45:00,3,4
1187,FINISHED,2016-10-19 18:45:00,3,4
1188,FINISHED,2016-10-19 18:45:00,3,4
1189,FINISHED,2016-11-01 17:45:00,4,4
1190,FINISHED,2016-11-01 19:45:00,4,4
1191,FINISHED,2016-11-01 19:45:00,4,4
1192,FINISHED,2016-11-01 19:45:00,4,4
1193,FINISHED,2016-11-01 19:45:00,4,4
1194,FINISHED,2016-11-01 19:45:00,4,4
1195,FINISHED,2016-11-01 19:45:00,4,4
1196,FINISHED,2016-11-01 19:45:00,4,4
1197,FINISHED,2016-11-02 19:45:00,4,4
1198,FINISHED,2016-11-02 19:45:00,4,4
1199,FINISHED,2016-11-02 19:45:00,4,4
1200,FINISHED,2016-11-02 19:45:00,4,4
1201,FINISHED,2016-11-02 19:45:00,4,4
1202,FINISHED,2016-11-02 19:45:00,4,4
1203,FINISHED,2016-11-02 19:45:00,4,4
1204,FINISHED,2016-11-02 19:45:00,4,4
1205,FINISHED,2016-11-22 17:00:00,5,4
1206,FINISHED,2016-11-22 19:45:00,5,4
1207,FINISHED,2016-11-22 19:45:00,5,4
1208,FINISHED,2016-11-22 19:45:00,5,4
1209,FINISHED,2016-11-22 19:45:00,5,4
1210,FINISHED,2016-11-22 19:45:00,5,4
1211,FINISHED,2016-11-22 19:45:00,5,4
1212,FINISHED,2016-11-22 19:45:00,5,4
1213,FINISHED,2016-11-23 17:00:00,5,4
1214,FINISHED,2016-11-23 19:45:00,5,4
1215,FINISHED,2016-11-23 19:45:00,5,4
1216,FINISHED,2016-11-23 19:45:00,5,4
1217,FINISHED,2016-11-23 19:45:00,5,4
1218,FINISHED,2016-11-23 19:45:00,5,4
1219,FINISHED,2016-11-23 19:45:00,5,4
1220,FINISHED,2016-11-23 19:45:00,5,4
1221,FINISHED,2016-12-06 19:45:00,6,4
1222,FINISHED,2016-12-06 19:45:00,6,4
1223,FINISHED,2016-12-06 19:45:00,6,4
1224,FINISHED,2016-12-06 19:45:00,6,4
1225,FINISHED,2016-12-06 19:45:00,6,4
1226,FINISHED,2016-12-06 19:45:00,6,4
1227,FINISHED,2016-12-06 19:45:00,6,4
1228,FINISHED,2016-12-06 19:45:00,6,4
1229,FINISHED,2016-12-07 19:45:00,6,4
1230,FINISHED,2016-12-07 19:45:00,6,4
1231,FINISHED,2016-12-07 19:45:00,6,4
1232,FINISHED,2016-12-07 19:45:00,6,4
1233,FINISHED,2016-12-07 19:45:00,6,4
1234,FINISHED,2016-12-07 19:45:00,6,4
1235,FINISHED,2016-12-07 19:45:00,6,4
1236,FINISHED,2016-12-07 19:45:00,6,4
1237,FINISHED,2017-02-14 19:45:00,7,4
1238,FINISHED,2017-02-14 19:45:00,7,4
1239,FINISHED,2017-02-15 19:45:00,7,4
1240,FINISHED,2017-02-15 19:45:00,7,4
1241,FINISHED,2017-02-21 19:45:00,7,4
1242,FINISHED,2017-02-21 19:45:00,7,4
1243,FINISHED,2017-02-22 19:45:00,7,4
1244,FINISHED,2017-02-22 19:45:00,7,4
1245,FINISHED,2017-03-07 19:45:00,7,4
1246,FINISHED,2017-03-07 19:45:00,7,4
1247,FINISHED,2017-03-08 19:45:00,7,4
1248,FINISHED,2017-03-08 19:45:00,7,4
1249,FINISHED,2017-03-14 19:45:00,7,4
1250,FINISHED,2017-03-14 19:45:00,7,4
1251,FINISHED,2017-03-15 19:45:00,7,4
1252,FINISHED,2017-03-15 19:45:00,7,4
1253,FINISHED,2017-04-11 18:45:00,8,4
1254,FINISHED,2017-04-12 16:45:00,8,4
1255,FINISHED,2017-04-12 18:45:00,8,4
1256,FINISHED,2017-04-12 18:45:00,8,4
1257,TIMED,2017-04-18 18:45:00,8,4
1258,TIMED,2017-04-18 18:45:00,8,4
1259,TIMED,2017-04-19 18:45:00,8,4
1260,TIMED,2017-04-19 18:45:00,8,4
1261,FINISHED,2016-08-26 18:30:00,1,5
1262,FINISHED,2016-08-27 13:30:00,1,5
1263,FINISHED,2016-08-27 13:30:00,1,5
1264,FINISHED,2016-08-27 13:30:00,1,5
1265,FINISHED,2016-08-27 13:30:00,1,5
1266,FINISHED,2016-08-27 13:30:00,1,5
1267,FINISHED,2016-08-27 16:30:00,1,5
1268,FINISHED,2016-08-28 13:30:00,1,5
1269,FINISHED,2016-08-28 15:30:00,1,5
1270,FINISHED,2016-09-09 18:30:00,2,5
1271,FINISHED,2016-09-10 13:30:00,2,5
1272,FINISHED,2016-09-10 13:30:00,2,5
1273,FINISHED,2016-09-10 13:30:00,2,5
1274,FINISHED,2016-09-10 13:30:00,2,5
1275,FINISHED,2016-09-10 13:30:00,2,5
1276,FINISHED,2016-09-10 16:30:00,2,5
1277,FINISHED,2016-09-11 13:30:00,2,5
1278,FINISHED,2016-09-11 15:30:00,2,5
1279,FINISHED,2016-09-16 18:30:00,3,5
1280,FINISHED,2016-09-17 13:30:00,3,5
1281,FINISHED,2016-09-17 13:30:00,3,5
1282,FINISHED,2016-09-17 13:30:00,3,5
1283,FINISHED,2016-09-17 13:30:00,3,5
1284,FINISHED,2016-09-17 13:30:00,3,5
1285,FINISHED,2016-09-17 16:30:00,3,5
1286,FINISHED,2016-09-18 13:30:00,3,5
1287,FINISHED,2016-09-18 15:30:00,3,5
1288,FINISHED,2016-09-20 18:00:00,4,5
1289,FINISHED,2016-09-20 18:00:00,4,5
1290,FINISHED,2016-09-20 18:00:00,4,5
1291,FINISHED,2016-09-20 18:00:00,4,5
1292,FINISHED,2016-09-21 18:00:00,4,5
1293,FINISHED,2016-09-21 18:00:00,4,5
1294,FINISHED,2016-09-21 18:00:00,4,5
1295,FINISHED,2016-09-21 18:00:00,4,5
1296,FINISHED,2016-09-21 18:00:00,4,5
1297,FINISHED,2016-09-23 18:30:00,5,5
1298,FINISHED,2016-09-24 13:30:00,5,5
1299,FINISHED,2016-09-24 13:30:00,5,5
1300,FINISHED,2016-09-24 13:30:00,5,5
1301,FINISHED,2016-09-24 13:30:00,5,5
1302,FINISHED,2016-09-24 13:30:00,5,5
1303,FINISHED,2016-09-24 16:30:00,5,5
1304,FINISHED,2016-09-25 13:30:00,5,5
1305,FINISHED,2016-09-25 15:30:00,5,5
1306,FINISHED,2016-09-30 18:30:00,6,5
1307,FINISHED,2016-10-01 13:30:00,6,5
1308,FINISHED,2016-10-01 13:30:00,6,5
1309,FINISHED,2016-10-01 13:30:00,6,5
1310,FINISHED,2016-10-01 13:30:00,6,5
1311,FINISHED,2016-10-01 13:30:00,6,5
1312,FINISHED,2016-10-01 16:30:00,6,5
1313,FINISHED,2016-10-02 13:30:00,6,5
1314,FINISHED,2016-10-02 15:30:00,6,5
1315,FINISHED,2016-10-14 18:30:00,7,5
1316,FINISHED,2016-10-15 13:30:00,7,5
1317,FINISHED,2016-10-15 13:30:00,7,5
1318,FINISHED,2016-10-15 13:30:00,7,5
1319,FINISHED,2016-10-15 13:30:00,7,5
1320,FINISHED,2016-10-15 13:30:00,7,5
1321,FINISHED,2016-10-15 16:30:00,7,5
1322,FINISHED,2016-10-16 13:30:00,7,5
1323,FINISHED,2016-10-16 15:30:00,7,5
1324,FINISHED,2016-10-21 18:30:00,8,5
1325,FINISHED,2016-10-22 13:30:00,8,5
1326,FINISHED,2016-10-22 13:30:00,8,5
1327,FINISHED,2016-10-22 13:30:00,8,5
1328,FINISHED,2016-10-22 13:30:00,8,5
1329,FINISHED,2016-10-22 13:30:00,8,5
1330,FINISHED,2016-10-22 16:30:00,8,5
1331,FINISHED,2016-10-23 13:30:00,8,5
1332,FINISHED,2016-10-23 15:30:00,8,5
1333,FINISHED,2016-10-28 18:30:00,9,5
1334,FINISHED,2016-10-29 13:30:00,9,5
1335,FINISHED,2016-10-29 13:30:00,9,5
1336,FINISHED,2016-10-29 13:30:00,9,5
1337,FINISHED,2016-10-29 13:30:00,9,5
1338,FINISHED,2016-10-29 13:30:00,9,5
1339,FINISHED,2016-10-29 16:30:00,9,5
1340,FINISHED,2016-10-30 14:30:00,9,5
1341,FINISHED,2016-10-30 16:30:00,9,5
1342,FINISHED,2016-11-04 19:30:00,10,5
1343,FINISHED,2016-11-05 14:30:00,10,5
1344,FINISHED,2016-11-05 14:30:00,10,5
1345,FINISHED,2016-11-05 14:30:00,10,5
1346,FINISHED,2016-11-05 14:30:00,10,5
1347,FINISHED,2016-11-05 14:30:00,10,5
1348,FINISHED,2016-11-05 17:30:00,10,5
1349,FINISHED,2016-11-06 14:30:00,10,5
1350,FINISHED,2016-11-06 16:30:00,10,5
1351,FINISHED,2016-11-18 19:30:00,11,5
1352,FINISHED,2016-11-19 14:30:00,11,5
1353,FINISHED,2016-11-19 14:30:00,11,5
1354,FINISHED,2016-11-19 14:30:00,11,5
1355,FINISHED,2016-11-19 14:30:00,11,5
1356,FINISHED,2016-11-19 14:30:00,11,5
1357,FINISHED,2016-11-19 17:30:00,11,5
1358,FINISHED,2016-11-20 14:30:00,11,5
1359,FINISHED,2016-11-20 16:30:00,11,5
1360,FINISHED,2016-11-25 19:30:00,12,5
1361,FINISHED,2016-11-26 14:30:00,12,5
1362,FINISHED,2016-11-26 14:30:00,12,5
1363,FINISHED,2016-11-26 14:30:00,12,5
1364,FINISHED,2016-11-26 14:30:00,12,5
1365,FINISHED,2016-11-26 14:30:00,12,5
1366,FINISHED,2016-11-26 17:30:00,12,5
1367,FINISHED,2016-11-27 14:30:00,12,5
1368,FINISHED,2016-11-27 16:30:00,12,5
1369,FINISHED,2016-12-02 19:30:00,13,5
1370,FINISHED,2016-12-03 14:30:00,13,5
1371,FINISHED,2016-12-03 14:30:00,13,5
1372,FINISHED,2016-12-03 14:30:00,13,5
1373,FINISHED,2016-12-03 14:30:00,13,5
1374,FINISHED,2016-12-03 14:30:00,13,5
1375,FINISHED,2016-12-03 17:30:00,13,5
1376,FINISHED,2016-12-04 14:30:00,13,5
1377,FINISHED,2016-12-04 16:30:00,13,5
1378,FINISHED,2016-12-09 19:30:00,14,5
1379,FINISHED,2016-12-10 14:30:00,14,5
1380,FINISHED,2016-12-10 14:30:00,14,5
1381,FINISHED,2016-12-10 14:30:00,14,5
1382,FINISHED,2016-12-10 14:30:00,14,5
1383,FINISHED,2016-12-10 14:30:00,14,5
1384,FINISHED,2016-12-10 17:30:00,14,5
1385,FINISHED,2016-12-11 14:30:00,14,5
1386,FINISHED,2016-12-11 16:30:00,14,5
1387,FINISHED,2016-12-16 19:30:00,15,5
1388,FINISHED,2016-12-17 14:30:00,15,5
1389,FINISHED,2016-12-17 14:30:00,15,5
1390,FINISHED,2016-12-17 14:30:00,15,5
1391,FINISHED,2016-12-17 14:30:00,15,5
1392,FINISHED,2016-12-17 14:30:00,15,5
1393,FINISHED,2016-12-17 17:30:00,15,5
1394,FINISHED,2016-12-18 14:30:00,15,5
1395,FINISHED,2016-12-18 16:30:00,15,5
1396,FINISHED,2016-12-20 19:00:00,16,5
1397,FINISHED,2016-12-20 19:00:00,16,5
1398,FINISHED,2016-12-20 19:00:00,16,5
1399,FINISHED,2016-12-20 19:00:00,16,5
1400,FINISHED,2016-12-21 19:00:00,16,5
1401,FINISHED,2016-12-21 19:00:00,16,5
1402,FINISHED,2016-12-21 19:00:00,16,5
1403,FINISHED,2016-12-21 19:00:00,16,5
1404,FINISHED,2016-12-21 19:00:00,16,5
1405,FINISHED,2017-01-20 19:30:00,17,5
1406,FINISHED,2017-01-21 14:30:00,17,5
1407,FINISHED,2017-01-21 14:30:00,17,5
1408,FINISHED,2017-01-21 14:30:00,17,5
1409,FINISHED,2017-01-21 14:30:00,17,5
1410,FINISHED,2017-01-21 14:30:00,17,5
1411,FINISHED,2017-01-21 17:30:00,17,5
1412,FINISHED,2017-01-22 14:30:00,17,5
1413,FINISHED,2017-01-22 16:30:00,17,5
1414,FINISHED,2017-01-27 19:30:00,18,5
1415,FINISHED,2017-01-28 14:30:00,18,5
1416,FINISHED,2017-01-28 14:30:00,18,5
1417,FINISHED,2017-01-28 14:30:00,18,5
1418,FINISHED,2017-01-28 14:30:00,18,5
1419,FINISHED,2017-01-28 14:30:00,18,5
1420,FINISHED,2017-01-28 17:30:00,18,5
1421,FINISHED,2017-01-29 14:30:00,18,5
1422,FINISHED,2017-01-29 16:30:00,18,5
1423,FINISHED,2017-02-03 19:30:00,19,5
1424,FINISHED,2017-02-04 14:30:00,19,5
1425,FINISHED,2017-02-04 14:30:00,19,5
1426,FINISHED,2017-02-04 14:30:00,19,5
1427,FINISHED,2017-02-04 14:30:00,19,5
1428,FINISHED,2017-02-04 14:30:00,19,5
1429,FINISHED,2017-02-04 17:30:00,19,5
1430,FINISHED,2017-02-05 14:30:00,19,5
1431,FINISHED,2017-02-05 16:30:00,19,5
1432,FINISHED,2017-02-10 19:30:00,20,5
1433,FINISHED,2017-02-11 14:30:00,20,5
1434,FINISHED,2017-02-11 14:30:00,20,5
1435,FINISHED,2017-02-11 14:30:00,20,5
1436,FINISHED,2017-02-11 14:30:00,20,5
1437,FINISHED,2017-02-11 14:30:00,20,5
1438,FINISHED,2017-02-11 17:30:00,20,5
1439,FINISHED,2017-02-12 14:30:00,20,5
1440,FINISHED,2017-02-12 16:30:00,20,5
1441,FINISHED,2017-02-17 19:30:00,21,5
1442,FINISHED,2017-02-18 14:30:00,21,5
1443,FINISHED,2017-02-18 14:30:00,21,5
1444,FINISHED,2017-02-18 14:30:00,21,5
1445,FINISHED,2017-02-18 14:30:00,21,5
1446,FINISHED,2017-02-18 14:30:00,21,5
1447,FINISHED,2017-02-18 17:30:00,21,5
1448,FINISHED,2017-02-19 14:30:00,21,5
1449,FINISHED,2017-02-19 16:30:00,21,5
1450,FINISHED,2017-02-24 19:30:00,22,5
1451,FINISHED,2017-02-25 14:30:00,22,5
1452,FINISHED,2017-02-25 14:30:00,22,5
1453,FINISHED,2017-02-25 14:30:00,22,5
1454,FINISHED,2017-02-25 14:30:00,22,5
1455,FINISHED,2017-02-25 14:30:00,22,5
1456,FINISHED,2017-02-25 17:30:00,22,5
1457,FINISHED,2017-02-26 14:30:00,22,5
1458,FINISHED,2017-02-26 16:30:00,22,5
1459,FINISHED,2017-03-03 19:30:00,23,5
1460,FINISHED,2017-03-04 14:30:00,23,5
1461,FINISHED,2017-03-04 14:30:00,23,5
1462,FINISHED,2017-03-04 14:30:00,23,5
1463,FINISHED,2017-03-04 14:30:00,23,5
1464,FINISHED,2017-03-04 14:30:00,23,5
1465,FINISHED,2017-03-04 17:30:00,23,5
1466,FINISHED,2017-03-05 14:30:00,23,5
1467,FINISHED,2017-03-05 16:30:00,23,5
1468,FINISHED,2017-03-10 19:30:00,24,5
1469,FINISHED,2017-03-11 14:30:00,24,5
1470,FINISHED,2017-03-11 14:30:00,24,5
1471,FINISHED,2017-03-11 14:30:00,24,5
1472,FINISHED,2017-03-11 14:30:00,24,5
1473,FINISHED,2017-03-11 14:30:00,24,5
1474,FINISHED,2017-03-11 17:30:00,24,5
1475,FINISHED,2017-03-12 14:30:00,24,5
1476,FINISHED,2017-03-12 16:30:00,24,5
1477,FINISHED,2017-03-17 19:30:00,25,5
1478,FINISHED,2017-03-18 14:30:00,25,5
1479,FINISHED,2017-03-18 14:30:00,25,5
1480,FINISHED,2017-03-18 14:30:00,25,5
1481,FINISHED,2017-03-18 14:30:00,25,5
1482,FINISHED,2017-03-18 14:30:00,25,5
1483,FINISHED,2017-03-18 17:30:00,25,5
1484,FINISHED,2017-03-19 14:30:00,25,5
1485,FINISHED,2017-03-19 16:30:00,25,5
1486,FINISHED,2017-03-31 18:30:00,26,5
1487,FINISHED,2017-04-01 13:30:00,26,5
1488,FINISHED,2017-04-01 13:30:00,26,5
1489,FINISHED,2017-04-01 13:30:00,26,5
1490,FINISHED,2017-04-01 13:30:00,26,5
1491,FINISHED,2017-04-01 13:30:00,26,5
1492,FINISHED,2017-04-01 16:30:00,26,5
1493,FINISHED,2017-04-02 13:30:00,26,5
1494,FINISHED,2017-04-02 15:30:00,26,5
1495,FINISHED,2017-04-04 18:00:00,27,5
1496,FINISHED,2017-04-04 18:00:00,27,5
1497,FINISHED,2017-04-04 18:00:00,27,5
1498,FINISHED,2017-04-04 18:00:00,27,5
1499,FINISHED,2017-04-05 18:00:00,27,5
1500,FINISHED,2017-04-05 18:00:00,27,5
1501,FINISHED,2017-04-05 18:00:00,27,5
1502,FINISHED,2017-04-05 18:00:00,27,5
1503,FINISHED,2017-04-05 18:00:00,27,5
1504,FINISHED,2017-04-07 18:30:00,28,5
1505,FINISHED,2017-04-08 13:30:00,28,5
1506,FINISHED,2017-04-08 13:30:00,28,5
1507,FINISHED,2017-04-08 13:30:00,28,5
1508,FINISHED,2017-04-08 13:30:00,28,5
1509,FINISHED,2017-04-08 13:30:00,28,5
1510,FINISHED,2017-04-08 16:30:00,28,5
1511,FINISHED,2017-04-09 13:30:00,28,5
1512,FINISHED,2017-04-09 15:30:00,28,5
1513,TIMED,2017-04-15 13:30:00,29,5
1514,TIMED,2017-04-15 13:30:00,29,5
1515,TIMED,2017-04-15 13:30:00,29,5
1516,TIMED,2017-04-15 13:30:00,29,5
1517,TIMED,2017-04-15 13:30:00,29,5
1518,TIMED,2017-04-15 13:30:00,29,5
1519,TIMED,2017-04-15 16:30:00,29,5
1520,TIMED,2017-04-16 13:30:00,29,5
1521,TIMED,2017-04-16 15:30:00,29,5
1522,SCHEDULED,2017-04-21 18:30:00,30,5
1523,SCHEDULED,2017-04-22 13:30:00,30,5
1524,SCHEDULED,2017-04-22 13:30:00,30,5
1525,SCHEDULED,2017-04-22 13:30:00,30,5
1526,SCHEDULED,2017-04-22 13:30:00,30,5
1527,SCHEDULED,2017-04-22 13:30:00,30,5
1528,SCHEDULED,2017-04-22 16:30:00,30,5
1529,SCHEDULED,2017-04-23 13:30:00,30,5
1530,SCHEDULED,2017-04-23 15:30:00,30,5
1531,SCHEDULED,2017-04-28 18:30:00,31,5
1532,SCHEDULED,2017-04-29 13:30:00,31,5
1533,SCHEDULED,2017-04-29 13:30:00,31,5
1534,SCHEDULED,2017-04-29 13:30:00,31,5
1535,SCHEDULED,2017-04-29 13:30:00,31,5
1536,SCHEDULED,2017-04-29 13:30:00,31,5
1537,SCHEDULED,2017-04-29 16:30:00,31,5
1538,SCHEDULED,2017-04-30 13:30:00,31,5
1539,SCHEDULED,2017-04-30 16:30:00,31,5
1540,SCHEDULED,2017-05-05 18:30:00,32,5
1541,SCHEDULED,2017-05-06 13:30:00,32,5
1542,SCHEDULED,2017-05-06 13:30:00,32,5
1543,SCHEDULED,2017-05-06 13:30:00,32,5
1544,SCHEDULED,2017-05-06 13:30:00,32,5
1545,SCHEDULED,2017-05-06 13:30:00,32,5
1546,SCHEDULED,2017-05-06 16:30:00,32,5
1547,SCHEDULED,2017-05-07 13:30:00,32,5
1548,SCHEDULED,2017-05-07 15:30:00,32,5
1549,SCHEDULED,2017-05-13 13:30:00,33,5
1550,SCHEDULED,2017-05-13 13:30:00,33,5
1551,SCHEDULED,2017-05-13 13:30:00,33,5
1552,SCHEDULED,2017-05-13 13:30:00,33,5
1553,SCHEDULED,2017-05-13 13:30:00,33,5
1554,SCHEDULED,2017-05-13 13:30:00,33,5
1555,SCHEDULED,2017-05-13 13:30:00,33,5
1556,SCHEDULED,2017-05-13 13:30:00,33,5
1557,SCHEDULED,2017-05-13 13:30:00,33,5
1558,SCHEDULED,2017-05-20 13:30:00,34,5
1559,SCHEDULED,2017-05-20 13:30:00,34,5
1560,SCHEDULED,2017-05-20 13:30:00,34,5
1561,SCHEDULED,2017-05-20 13:30:00,34,5
1562,SCHEDULED,2017-05-20 13:30:00,34,5
1563,SCHEDULED,2017-05-20 13:30:00,34,5
1564,SCHEDULED,2017-05-20 13:30:00,34,5
1565,SCHEDULED,2017-05-20 13:30:00,34,5
1566,SCHEDULED,2017-05-20 13:30:00,34,5
